ID,Nombre,Page,Slug,In_mongo,Active,On_Chain,Link_Thecrowdspace,Headquarter,Operates_in,Linkedin,Instagram,Youtube,X,Facebook,Telegram,Discord,Play_Store,Apple_Store,Tiktok,Medium,Spotify,Line
37,Safqah Capital,safqah.co,,,,,thecrowdspace.com/platform/safqah-capital,Saudi Arabia,"MENA, Saudi Arabia",linkedin.com/company/safqahco,instagram.com/safqahco,youtube.com/@SafqahCo,x.com/safqahco,facebook.com/safqahco,,,,,,,,
38,Winwinner,invest.winwinner.be,,,,,thecrowdspace.com/platform/winwinner,Belgium,"Europe, Belgium, Netherlands",linkedin.com/company/winwinner,instagram.com/winwinnercrowd,youtube.com/channel/UCYH2wjxVf1geRHfRV0HHlNg,twitter.com/winwinnercrowd,facebook.com/winwinner,,,,,,,,
39,Walliance,walliance.eu,,,,,thecrowdspace.com/platform/walliance,Italy,"Europe, France, Italy, Spain",linkedin.com/company/walliance,instagram.com/walliance.it,youtube.com/channel/UCSIVymaA5i2LKHS2i1bLylg,twitter.com/walliance_,,,,,apps.apple.com/it/app/walliance-investimenti/id1542599997,,,,
40,CrowdX,crowdx.eu,,,,,thecrowdspace.com/platform/crowdx,Cyprus,"Europe, Albania, Austria, Belgium, Bosnia and Herzegovina, Bulgaria, Croatia, Cyprus, Czech Republic, Denmark, Estonia, Finland, France, Germany, Greece, Hungary, Iceland, Ireland, Italy, Latvia, Lithuania, Luxembourg, Macedonia, Malta, Moldova, Monaco, Netherlands, Norway, Poland, Portugal, Romania, Serbia, Slovakia, Slovenia, Spain, Sweden, Switzerland, United Kingdom",linkedin.com/company/crowdxeu,,,,facebook.com/profile.php,,,,,,,,
41,Crowdestate,crowdestate.eu,,,,,thecrowdspace.com/platform/crowdestate,Estonia,"Europe, Estonia",linkedin.com/company/crowdestate-eu,instagram.com/crowdestate.eu,youtube.com/@Crowdestate1,twitter.com/Crowdestate_eu,facebook.com/crowdestate,,,,,,,,
42,Thara Crowd Lending,tharaco.sa,,,,,thecrowdspace.com/platform/thara-crowd-lending,Saudi Arabia,"MENA, Saudi Arabia, UAE",linkedin.com/company/tharaco,instagram.com/thraco_sa,,twitter.com/Thraco_sa,,,,,,,,,
43,BOLDYIELD,,,,,,thecrowdspace.com/platform/boldyield,Estonia,"Europe, Estonia",linkedin.com/company/28963679,instagram.com/boldyield_p2b,,twitter.com/boldyield_com,facebook.com/boldyieldp2b,,,,,,,,
44,Headway Nova,hwnova.site,,,,,thecrowdspace.com/platform/headway-nova,South Africa,"Africa, South Africa",linkedin.com/company/headway-nova,instagram.com/headwaynova,youtube.com/@HeadwayNOVA,,facebook.com/headway.nova,t.me/headway_nova,,,,,,,
45,Crowdberry,,,,,,thecrowdspace.com/platform/crowdberry,Slovakia,"Europe, Slovakia",linkedin.com/company/crowdberry,instagram.com/crowdberry,youtube.com/channel/UCP2aiWZTdAxxD6J9VJPqCBQ,,facebook.com/crowdberry,,,,,,,,
46,CrowdedHero,crowdedhero.com,,,,,thecrowdspace.com/platform/crowdedhero,Latvia,"Europe, Latvia",linkedin.com/company/crowdedhero,instagram.com/crowdedhero,youtube.com/watch,twitter.com/crowded_hero,facebook.com/CrowdedHero,,,,,,,,
47,REALTY BUNDLES,realtybundles.com,,,,,thecrowdspace.com/platform/realtybundles,Israel,"Europe, Austria, Belgium, Croatia, Cyprus, Czech Republic, Denmark, Estonia, Finland, France, Germany, Greece, Hungary, Iceland, Ireland, Italy, Latvia, Liechtenstein, Lithuania, Luxembourg, Malta, Netherlands, Norway, Poland, Portugal, Slovakia, Slovenia, Spain, Sweden, Switzerland, United Kingdom, Israel",linkedin.com/company/realtybundles,instagram.com/realty_bundles,youtube.com/@realtybundles3103,twitter.com/realtybundleseu,facebook.com/realtybundlescom,,,,,,,,
48,Fellow Funders,fellowfunders.es,,,,,thecrowdspace.com/platform/fellow-funders,Spain,"Europe, Spain",linkedin.com/company/10983607,instagram.com/fellowfunders,youtube.com/@FellowFunders,twitter.com/Fellow_Funders,facebook.com/Fellow-Funders-244701989283614,,,,,,,,
49,BeeBonds,beebonds.com,,,,,thecrowdspace.com/platform/beebonds,Belgium,"Europe, Belgium",linkedin.com/company/beebonds,instagram.com/beebonds,youtube.com/channel/UCnkoOsHOn5OYzbMI2u5Sh2A,twitter.com/BeebondsFinance,facebook.com/beebondsFinance,,,,,,,,
50,Tala,,,,,,thecrowdspace.com/platform/tala,Saudi Arabia,"MENA, Saudi Arabia",linkedin.com/company/tala-invest,instagram.com/invest_tala,,twitter.com/Tala_Invest,,,,,,,,,
51,Kameo,kameo.no,,,,,thecrowdspace.com/platform/kameo,Norway,"Europe, Norway",linkedin.com/company/kameo-norge,instagram.com/kameonorge,,twitter.com/kameonorge,facebook.com/KameoNorge,,,,apps.apple.com/no/app/kameo/id6470809650,,,,
52,JaeVee,jaevee.co.uk,,,,,thecrowdspace.com/platform/jaevee,United Kingdom,"Europe, United Kingdom",linkedin.com/company/jaevee,instagram.com/jaeveeUK,,twitter.com/jaeveeUK,facebook.com/jaeveeUK,,,,,,,,
53,Crowdbase,"crowdbase.eu/,",,,,,thecrowdspace.com/platform/crowdbase,Cyprus,"Europe, Cyprus, Greece",linkedin.com/company/crowdbase-eu,instagram.com/crowdbase.eu,youtube.com/channel/UCTc3ZY-UJ6EsXhVbfE_dx3Q,twitter.com/crowdbase,facebook.com/Crowdbase.eu,,,,,,,,
54,Invest in Slovakia,investinslovakia.eu,,,,,thecrowdspace.com/platform/invest-in-slovakia,Slovakia,"Europe, Slovakia",linkedin.com/company/invest-in-slovakia,,,,,,,,,,,,
55,Spreds,spreds.com,,,,,thecrowdspace.com/platform/spreds,Belgium,"Europe, Belgium",linkedin.com/company/2277966,,youtube.com/@spreds7355,,facebook.com/170169533049645,,,,,,,,
56,Raizers,raizers.com,,,,,thecrowdspace.com/platform/raizers,Belgium,"Europe, Belgium, France, Luxembourg, Switzerland",linkedin.com/company/raizers,instagram.com/raizers_crowdfunding,youtube.com/@raizerscrowdfunding,twitter.com/Raizers,facebook.com/RaizersEurope,,,,apps.apple.com/app/raizers/id1571136796,,,,
57,Brickfy,brickfy.com,,,,,thecrowdspace.com/platform/brickfy,Estonia,"Europe, Estonia",linkedin.com/company/brickfy,,,twitter.com/brickfy,facebook.com/brickfy,,,,,,,,
58,Alixco,alixco.com,,,,,thecrowdspace.com/platform/alixco,Malaysia,"Southeast Asia, Malaysia",,,,x.com/AlixCo_P2P,facebook.com/alixcoP2P,,,,,,,,
59,zinsbaustein.de,zinsbaustein.de,,,,,thecrowdspace.com/platform/zinsbaustein-de,Germany,"Europe, Germany",linkedin.com/company/zinsbaustein.de,instagram.com/zinsbaustein.de,,twitter.com/Zinsbaustein,facebook.com/zinsbaustein,,,,,,,,
60,CapitalRise,capitalrise.com,,,,,thecrowdspace.com/platform/capitalrise,United Kingdom,"Europe, United Kingdom",linkedin.com/company/capitalrise,instagram.com/capitalrise,,twitter.com/CapitalRiseLive,facebook.com/capitalriseinvesting,,,,,,,,
61,Immocratie,,,,,,thecrowdspace.com/platform/immocratie,France,"Europe, France",linkedin.com/company/immocratie,,,,,,,,,,,,
62,SamenInGeld,sameningeld.nl,,,,,thecrowdspace.com/platform/sameningeld,Netherlands,"Europe, Netherlands",linkedin.com/company/sameningeld---crowdfunding/about,instagram.com/sameningeld,,twitter.com/SamenInGeld,facebook.com/SamenInGeld,,,,,,,,
63,ROCKETS Home,rockets.investments,,,,,thecrowdspace.com/platform/homerocket,Austria,"Europe, Austria, Germany",linkedin.com/company/rockets-investments,instagram.com/rockets.investments,,,facebook.com/rockets.investments,,,,,,,,
64,Reinvest24,reinvest24.com,,,,,thecrowdspace.com/platform/reinvest24,Estonia,"Europe, Estonia",linkedin.com/company/18324123,,,twitter.com/reinvest24,facebook.com/ReInvest24,,,,,,,,
65,FinoMark,finomark.lt,,,,,thecrowdspace.com/platform/finomark,Lithuania,"Europe, Lithuania",linkedin.com/company/finomark,,,,facebook.com/finomark.lt,,,,,,,,
66,Bricklender,,,,,,thecrowdspace.com/platform/bricklender,Italy,"Europe, Italy",linkedin.com/company/bricklender,,,,,,,,,,,,
67,Pearl Capital,,,,,,thecrowdspace.com/platform/pearl-capital,Netherlands,"Europe, Netherlands",linkedin.com/company/pearl-capital,instagram.com/pearl.capital,,,facebook.com/pearlcapital.vastgoedfinanciering,,,,,,,,
68,stock.estate,stock.estate,,,,,thecrowdspace.com/platform/stock-estate-2,Romania,"Europe, Romania",linkedin.com/company/stockestate,instagram.com/stockestate_invest,youtube.com/@stock.estate,,facebook.com/stock.estate,t.me/stockestate,,,,tiktok.com/@stockestate_invest,,,
69,LIVONIA,,,,,,thecrowdspace.com/platform/livonia,Latvia,"Europe, Latvia",,,,,,,,,,,,,
70,occollo,occollo.cz,,,,,thecrowdspace.com/platform/occollo,Czech Republic,"Europe, Czech Republic",linkedin.com/company/occollo,instagram.com/occollo.cz,youtube.com/@occollo,,facebook.com/occollo,,,,,,,,
71,Simple Crowdfunding,simplecrowdfunding.co.uk,,,,,thecrowdspace.com/platform/simplecrowdfunding,United Kingdom,"Europe, United Kingdom",linkedin.com/company/10862978,,youtube.com/watch,twitter.com/SimpleCrowd,facebook.com/SimpleCrowdfunding,,,,,,,,
72,Cahootz,cahootz.com,,,,,thecrowdspace.com/platform/cahootz,United Kingdom,"Europe, United Kingdom",linkedin.com/company/getincahootz,,,,,,,,,,,,
73,Wafer,,,,,,thecrowdspace.com/platform/wafer,Saudi Arabia,"MENA, Saudi Arabia",,,,,,,,,,,,,
74,UOWN,uown.co,,,,,thecrowdspace.com/platform/uown,United Kingdom,"Europe, United Kingdom",linkedin.com/company/uown.co,instagram.com/uownco,,,facebook.com/uownco,,,,,,,,
75,Rontgen,rontgen.lt,,,,,thecrowdspace.com/platform/rontgen,Lithuania,"Europe, Lithuania",linkedin.com/company/rontgen,,,,facebook.com/RontgenSFP,,,,,,,,
76,Fundingpartner,fundingpartner.no,,,,,thecrowdspace.com/platform/fundingpartner,Norway,"Europe, Norway",,,,,,,,,,,,,
77,SIPA immobilier,sipa.swiss,,,,,thecrowdspace.com/platform/sipa-immobilier,Switzerland,"Europe, Switzerland",linkedin.com/showcase/72472865/admin,instagram.com/sipacrowdimmo,youtube.com/channel/UCVdu4BpljblvFrmwurv2U7g,,facebook.com/SIPAimmobilier,,,,,,,,
78,CapitalStackers,capitalstackers.com,,,,,thecrowdspace.com/platform/capitalstackers,United Kingdom,"Europe, United Kingdom",,,,,,,,,,,,,
79,Nordstreet,nordstreet.com,,,,,thecrowdspace.com/platform/nordstreet,Lithuania,"Europe, Lithuania",linkedin.com/company/nordstreet,,youtu.be/ZnhVcvGyCks,,facebook.com/Nordstreet.investments,,,,,,,,
80,FINTELUM,fintelum.com,,,,,thecrowdspace.com/platform/fintelum,Latvia,"Europe, Latvia",linkedin.com/company/fintelum,,,twitter.com/fintelum,facebook.com/fintelum,t.me/fintelum,,,,,medium.com/@fintelum,,
81,Inrento,inrento.com,,,,,thecrowdspace.com/platform/inrento,Lithuania,"Europe, Lithuania",linkedin.com/company/69071150,,youtube.com/channel/UCuty2SvNpFzRCYBBUt4TKHQ,,facebook.com/InRentoInvestments,,,,,,,,
82,Assetmonk,assetmonk.com,,,,,thecrowdspace.com/platform/assetmonk,India,"South Asia, India",linkedin.com/company/assetmonk,instagram.com/assetmonk_live,youtube.com/channel/UC72vGYqjfwnOEASaqBudQlQ,,facebook.com/assetmonk.io,,,,apps.apple.com/in/app/assetmonk/id6499520950,,,,
83,Stake,getstake.com,,,Sí,,thecrowdspace.com/platform/stake,UAE,"MENA, Saudi Arabia, UAE",linkedin.com/company/stake,instagram.com/get.stake,youtube.com/channel/UCl7ANdTMOmKOKXCCs6Fz9IA,x.com/GetStake,facebook.com/stakeproperties,,,,apps.apple.com/ae/app/stake-real-estate-investing/id1591107922,,,,
84,Urbanitae,urbanitae.com,,,,,thecrowdspace.com/platform/urbanitae,Spain,"Europe, Spain",linkedin.com/company/urbanitae,instagram.com/urbanitae,youtube.com/@Urbanitae_RE,twitter.com/urbanitae,facebook.com/urbanitae,t.me/urbanitaetelegram,,,apps.apple.com/es/app/urbanitae/id1617612502,,,,
85,StockCrowd IN,stockcrowdin.com,,,,,thecrowdspace.com/platform/stockcrowdin,Spain,"Europe, Spain",linkedin.com/company/stockcrowdin,instagram.com/stockcrowdin,youtube.com/@stockcrowdin3844,twitter.com/StockcrowdIN,facebook.com/StockCrowdIN,,,,,,,,
86,Briq,briq.mx,,,Sí,No,thecrowdspace.com/platform/briq,Mexico,"North America, Mexico",linkedin.com/company/briq-mx,instagram.com/briqmx,youtube.com/channel/UC5gSLYFILbOPSXDd9Oax4AA,x.com/BriqMx,facebook.com/briqmx,,,,,tiktok.com/@briqmx,,,
87,Foxstone,foxstone.ch,,,,,thecrowdspace.com/platform/foxstone,Switzerland,"Europe, Switzerland",linkedin.com/company/foxstone,instagram.com/foxstonecrowdfunding,youtube.com/channel/UCXVvSeBIOKfM7VUioj6VuNQ,twitter.com/Foxstone_ch,facebook.com/foxstone.ch,,,,,,,,
88,Bricksave,bricksave.com,,,Sí,No,thecrowdspace.com/platform/bricksave,United Kingdom,"Europe, United Kingdom",linkedin.com/company/bricksave,instagram.com/bricksave,youtube.com/channel/UCGcp7KUrBnWcfKxvrwfibew,twitter.com/_bricksave,facebook.com/Bricksaveholdings,,,,,,,,
89,LendInvest,lendinvest.com,,,,,thecrowdspace.com/platform/lendinvest,United Kingdom,"Europe, United Kingdom",linkedin.com/company/lendinvest,instagram.com/lendinvest,,twitter.com/lendinvest,,,,,,,,,
90,Bona Fides Invest,bonafidesinvest.eu,,,,,thecrowdspace.com/platform/bona-fides-invest,Croatia,"Europe, Croatia",hr.linkedin.com/in/tanja-kurili%C4%87-49447844,,,,facebook.com/Cedior,,,,,,,,
91,dagobertinvest,dagobertinvest.at,,,,,thecrowdspace.com/platform/dagobertinvest,Austria,"Europe, Austria, Germany",linkedin.com/company/dagobertinvest,instagram.com/dagobertinvest.crowdinvesting,youtube.com/@dagobertinvestgmbhcrowdinv4859,,facebook.com/dagobertinvest,,,,,,,,
92,CITESIA,citesia.fr,,,,,thecrowdspace.com/platform/citesia,France,"Europe, France",linkedin.com/company/citesia,instagram.com/citesia,youtube.com/@citesia8731,twitter.com/Citesia_team,m.facebook.com/profile.php,,,,,,,,
93,Realv Antage,realvantage.co,,,,,thecrowdspace.com/platform/realv-antage,Singapore,"Europe, United Kingdom, USA, Singapore, Australia",linkedin.com/company/realvantage,instagram.com/realvantage.co,,x.com/RealVantageCo,facebook.com/realvantage,,,,,,,,
94,Bricks,bricks.co,,,,,thecrowdspace.com/platform/bricks,France,"Europe, France",linkedin.com/company/bricks-fr,instagram.com/get_bricks,youtube.com/c/Bricksco1,twitter.com/Get_Bricks,facebook.com/BricksFrance,,discord.com/invite/WeG54HRKMz,,,tiktok.com/@bricks.co,,,
95,Bizhare,bizhare.id,,,,,thecrowdspace.com/platform/bizhare,Indonesia,"Southeast Asia, Indonesia",linkedin.com/company/bizhare-id,instagram.com/bizhare.id,youtube.com/channel/UCYNA4RCs1n03zJ8hEULtYow,x.com/bizhare,facebook.com/bizhare.id,,,,,,,,
96,Engel & Volkers Digital Invest Engel & Volkers,ev-digitalinvest.de,,,,,thecrowdspace.com/platform/engel-volkers-digital-invest,Germany,"Europe, Austria, Belgium, Cyprus, Czech Republic, France, Germany, Greece, Hungary, Ireland, Italy, Liechtenstein, Luxembourg, Netherlands, Portugal, Spain, Switzerland, United Kingdom",linkedin.com/company/engelvoelkersdigitalinvest,instagram.com/engelvoelkersdigitalinvest,,twitter.com/EVDigitalInvest,facebook.com/engelvoelkersdigitalinvest,,,,,,,,
97,Monific,monific.com,,,Sí,No,thecrowdspace.com/platform/monific,Mexico,"North America, Mexico",linkedin.com/company/monific,instagram.com/monificmx,youtube.com/channel/UC630Nc1kc3___R4gOW4LVwA,x.com/MonificMX,facebook.com/profile.php,,,,apps.apple.com/mx/app/monific/id1558969085,tiktok.com/@monificmx,,,
98,Vangardi,vangardi.com.br,,,Incierto,No,thecrowdspace.com/platform/vangardi,Brazil,"Latin America, Brazil",linkedin.com/company/vangardi,instagram.com/vangardi.investimentos,youtube.com/channel/UCeikqc6oxMSandxm7v9OAFw,x.com/vangardi_invest,facebook.com/vangardi.investimentos,,,,,,,,
99,Fundimmo,fundimmo.com,,,,,thecrowdspace.com/platform/fundimmo,France,"Europe, France",linkedin.com/company/fundimmo,,youtube.com/@fundimmo5714,x.com/fundimmo,facebook.com/Fundimmo-728498437242350,,,,,,,,
100,ECCO NOVA,ecconova.com,,,,,thecrowdspace.com/platform/ecco-nova,Belgium,"Europe, Belgium",linkedin.com/company/ecco-nova,instagram.com/ecconova,youtube.com/channel/UCzvw4G1pzXw-mnJUPtr9pzQ,twitter.com/ecconova,facebook.com/ecconova,,,,,,,,
101,M2CROWD,m2crowd.com,,,Incierto,No,thecrowdspace.com/platform/m2crowd,Mexico,"North America, Mexico",linkedin.com/company/m2crowd,instagram.com/m2crowd,youtube.com/channel/UCjX6dvn377X3YsXM9syLDJQ,x.com/m2crowd,facebook.com/m2crowd,,,,,,,,
102,VentureCrowd,venturecrowd.com.au,,,,,thecrowdspace.com/platform/venturecrowd,Australia,"Oceania, Australia",linkedin.com/company/venturecrowd-pty-ltd,instagram.com/vcrowd,,,facebook.com/VentureCrowdAustralia,,,,,,,,
103,Wecity,wecity.com,,,,,thecrowdspace.com/platform/wecity,Spain,"Europe, Spain",linkedin.com/company/wecity-crowdfunding,instagram.com/wecity.io,youtube.com/channel/UCWfkITV757W10dllNlSUcwQ,twitter.com/wecity_io,facebook.com/wecity.io/about,,,,apps.apple.com/es/app/wecity-inversiones/id6739286659,,,,
104,RealtyMogul,realtymogul.com,,,,,thecrowdspace.com/platform/realtymogul,USA,"North America, Canada, USA, UAE",linkedin.com/company/realty-mogul,instagram.com/realty_mogul,youtube.com/c/Realtymogul,x.com/realty_mogul,facebook.com/RealtyMogul,,,,,,,,
105,1031 Crowdfunding,1031crowdfunding.com,,,,,thecrowdspace.com/platform/1031-crowdfunding,USA,"North America, USA",linkedin.com/company/1031-crowdfunding-llc,instagram.com/1031crowdfunding,youtube.com/@1031Crowdfunding,x.com/1031fund,facebook.com/1031crowdfunding,,,,,,,,
106,WeShareBonds,wesharebonds.com,,,,,thecrowdspace.com/platform/wesharebonds,France,"Europe, France",linkedin.com/company/wesharebonds,,youtube.com/@wesharebonds5754,twitter.com/wesharebonds,facebook.com/wesharebonds,,,,,,,,
107,Bloxs,bloxs.com.br,,,No relevante,No,thecrowdspace.com/platform/bloxs,Brazil,"Latin America, Brazil",linkedin.com/company/bloxs-solutions,instagram.com/bloxs.tech,youtube.com/c/bloxsinvestimentos,,facebook.com/bloxsinvestimentos,,,,,,,,
108,Tokeportal,tokeportal.com,,,,,thecrowdspace.com/platform/tokeportal,Malta,"Europe, Hungary, Malta",linkedin.com/company/tokeportal,instagram.com/tokeportal,youtube.com/channel/UCo5hL5PCamhixdBgQ-SwSkw,,facebook.com/tokeportal,,,,,tiktok.com/@tokeportal,,,
109,CapTable,captable.com.br,,,No relevante,No,thecrowdspace.com/platform/captable,Brazil,"Latin America, Brazil",linkedin.com/company/captablebrasil,instagram.com/captablebr,youtube.com/channel/UCqaX9CxTBB0BgX78D8JRHQA,x.com/captablebrasil,,t.me/avisoscaptable,,,,,,,
110,Inco,inco.vc,,,Sí,No,thecrowdspace.com/platform/inco,Brazil,"Latin America, Brazil",linkedin.com/company/inco-investimentos-coletivos,instagram.com/invistainco,youtube.com/channel/UCNpIHQHvNx6x-kOYQNlGJhA/videos,,facebook.com/invistainco,,,,apps.apple.com/us/app/inco/id1592692492,tiktok.com/@invista.inco,,,
111,LOKL,lokl.life,,,Sí,No,thecrowdspace.com/platform/lokl,Colombia,"Latin America, Colombia",linkedin.com/company/lokllife,instagram.com/lokl.life,youtube.com/channel/UCeoyCXhjNYWcqssgeW46Bsg,x.com/LoklLife,facebook.com/lokl.life,,,,,,,,
112,The Clique,theclique.fr,,,,,thecrowdspace.com/platform/the-clique,France,,linkedin.com/company/theclique-crowdfunding-immobilier,,youtube.com/@TheClique-crowdfunding,twitter.com/@MIPISE_,,,,,,,,,
113,Bolero Crowdfunding,crowdfunding.bolero.be,,,,,thecrowdspace.com/platform/bolero-crowdfunding,Belgium,"Europe, Belgium, Netherlands",linkedin.com/company/bolero-crowdfunding,,youtube.com/@bolerocrowdfunding6227,twitter.com/BoleroCrowdfund,facebook.com/BoleroCrowdfunding,,,,,,,,
114,Groundfloor,groundfloor.com,,,,,thecrowdspace.com/platform/groundfloor,USA,"North America, USA",linkedin.com/company/groundfloor-com,instagram.com/groundfloor.finance,youtube.com/channel/UC7eKJSzwkRcWB85AIrIOaqQ,x.com/groundfloor_com,facebook.com/groundfloorfinance,,,,apps.apple.com/us/app/groundfloor-finance-inc/id1569086243,,,,
115,La PremiÃ¨re Brique,lapremierebrique.fr,,,,,thecrowdspace.com/platform/la-premiere-brique,France,"Europe, France",linkedin.com/company/la-premiere-brique,instagram.com/lapremierebrique,youtube.com/channel/UCGLz6D-PGg8IYnFAUhjGW8g,x.com/LPB_officiel,facebook.com/lapremierebrique,,,,apps.apple.com/tt/app/la-premi%C3%A8re-brique/id6738487716,tiktok.com/@lapremierebrique,,,
116,BrickX,brickx.com,,,,,thecrowdspace.com/platform/brickx,Australia,"Oceania, Australia",linkedin.com/company/brickx---the-brick-exchange,instagram.com/brickx_au,,x.com/BRICKX,facebook.com/BrickXAU,,,,,,,,
117,Arces,arces.mx,,,Sí,No,thecrowdspace.com/platform/arces,Mexico,"North America, Mexico",linkedin.com/company/arcesmx,instagram.com/arces.mx,,,facebook.com/Arcesfinanciamientocolectivo,,,play.google.com/store/apps/details?id=mx.arces,apps.apple.com/mx/app/arces/id1595998930,,,,
118,Geldvoorelkaar,geldvoorelkaar.nl,,,,,thecrowdspace.com/platform/geldvoorelkaar,Netherlands,"Europe, Netherlands",linkedin.com/company/geldvoorelkaarnl,instagram.com/geldvoorelkaar.nl,youtube.com/watch,twitter.com/geldvoorelkaar,facebook.com/Geldvoorelkaar,,,,apps.apple.com/nl/app/geldvoorelkaar-nl/id6751912046,,,,
119,CrowdStreet,crowdstreet.com,,,,,thecrowdspace.com/platform/crowdstreet,USA,"North America, Canada, USA, UAE",linkedin.com/company/crowdstreet-inc,instagram.com/crowdstreet_inc,youtube.com/channel/UCSeNmEkz_6MSifzkwQ1sbHQ/featured,x.com/CrowdStreet,facebook.com/CrowdSt,,,,,,,,
120,Crowdium,crowdium.com.ar,,,Sí,No,thecrowdspace.com/platform/crowdium,Argentina,"Latin America, Argentina",linkedin.com/company/crowdium,instagram.com/crowdiumars,youtube.com/@crowdium,x.com/crowdiumARS,facebook.com/CrowdiumARS,,,,,,,,
121,Yieldstreet,yieldstreet.com,,,,,thecrowdspace.com/platform/yieldstreet,USA,"North America, Canada, USA",linkedin.com/company/yieldstreet-inc,instagram.com/yieldstreet,youtube.com/c/YieldStreet,x.com/YieldStreet,facebook.com/Yieldstreet,,,,,,,,
122,Fraxtor,fraxtor.com,,,,,thecrowdspace.com/platform/fraxtor,Singapore,"Southeast Asia, Singapore, Australia",linkedin.com/company/fraxtor,,,,,,,,,,,,
123,Hurst,hurst.capital,,,No relevante,Incierto,thecrowdspace.com/platform/hurst,Brazil,"Latin America, Brazil",linkedin.com/company/hurst-capital,instagram.com/hurst.capital,youtube.com/channel/UCT57ySzuBhWBaNPuN7OboWA,ahlex.com.br,,,,,apps.apple.com/us/app/id1489579621,,,,
124,Gwenneg,gwenneg.bzh,,,,,thecrowdspace.com/platform/gwenneg,France,"Europe, France",linkedin.com/company/gwenneg,,youtube.com/@gwennegbzh2161,twitter.com/Gwenneg_bzh,facebook.com/pages/GwenneG/677166785738064,,,,,,,,
125,Baytukum,baytukum.ae,,,Sí,,thecrowdspace.com/platform/baytukum,UAE,"MENA, UAE",linkedin.com/company/baytukum,instagram.com/baytukum.ae,youtube.com/channel/UCZ9DJhqjnpmvgka-pZuWEuQ,,,,,play.google.com/store/apps/details?id=ae.baytuki.baytuki,,tiktok.com/@baytukum,,,
126,PeerBR,peerbr.com,,,Incierto,Incierto,thecrowdspace.com/platform/peerbr,Brazil,"Latin America, Brazil",linkedin.com/company/peerbr,instagram.com/peerbr,,,facebook.com/peerbr,,,,,,,,
127,Zib Investments,zibinvestments.nl,,,,,thecrowdspace.com/platform/zibinvestments,Netherlands,"Europe, Netherlands",linkedin.com/company/zibinvestmentscrowdfunding,instagram.com/zibinvestments,youtube.com/@zibinvestments3320,twitter.com/ZIBInvestments,facebook.com/zibcrowd,,,,,,,,
128,Max Crowdfund,,,,,,thecrowdspace.com/platform/max-crowdfund,Netherlands,"Europe, Netherlands",linkedin.com/company/maxcrowdfund/mycompany,instagram.com/max_crowdfund,,twitter.com/MaxCrowdfund,facebook.com/MaxCrowdfund,,,,,,,,
129,Fundrise,fundrise.com,,,,,thecrowdspace.com/platform/fundrise,USA,"North America, USA",linkedin.com/company/fundrise,instagram.com/fundrise,,x.com/fundrise,facebook.com/Fundrise,,,,,,,,
130,StartEngine,startengine.com,,,,,thecrowdspace.com/platform/startengine,USA,"Europe, United Kingdom, Canada, USA, Saudi Arabia, UAE",linkedin.com/company/startengined,instagram.com/startenginela,,x.com/StartEngineLA,facebook.com/StartEngineLA,,,,,,,,
131,PropertyShares,propertyshares.com.au,,,,,thecrowdspace.com/platform/propertyshares,Australia,"Oceania, Australia",linkedin.com/company/propertyshares,,,,,,,,,,,,
132,Sumar Inversin,sumarinversion.com.ar,,,,,thecrowdspace.com/platform/sumar-inversin,Argentina,"Latin America, Argentina",linkedin.com/company/sumarinversion,instagram.com/sumarinversion,youtube.com/channel/UCpkqaq5f5VDsEbfqvghj6FQ/videos,,facebook.com/sumarinversion,,,,,tiktok.com/@sumarinversion,,,
133,InvestaX,investax.io,,,,,thecrowdspace.com/platform/investax,Singapore,"Southeast Asia, Singapore",linkedin.com/company/investax,,youtube.com/@InvestaX,x.com/investax,,,,,,,,,
134,Housers,housers.com,,,,,thecrowdspace.com/platform/housers,Spain,"Europe, Spain",linkedin.com/company/housers,instagram.com/housers_int,youtube.com/channel/UC-MdYON2mkWzIsRVGUwupyQ,twitter.com/Housers_en,facebook.com/HousersCOM,,,,apps.apple.com/us/app/housers/id1481864543,,,,
135,Crowd With Us,crowdwithus.london,,,,,thecrowdspace.com/platform/crowdwithus,United Kingdom,"Europe, United Kingdom",linkedin.com/company/crowd-with-us,instagram.com/crowdwithus,,twitter.com/crowdwithus,facebook.com/crowdwithus,,,,,,,,
136,Homunity,homunity.com,,,,,thecrowdspace.com/platform/homunity,France,"Europe, France",linkedin.com/company/homunity,,,twitter.com/Homunity,facebook.com/homunity,,,,,,,,
137,Equivesto,equivesto.com,,,,,thecrowdspace.com/platform/equivesto,Canada,"North America, Canada",linkedin.com/company/equivesto,instagram.com/equivesto,youtube.com/channel/UCN59xlqr8h9HIrzDGoz8jzQ,x.com/equivestoinc,facebook.com/Equivesto,,,,,,,,
138,URBE.ME,urbe.me,,,Incierto,No,thecrowdspace.com/platform/urbe-me,Brazil,"Latin America, Brazil",linkedin.com/company/ospa-urbe-me,instagram.com/ospa.urbe.me,youtube.com/c/URBEME/channels,,,,,,,,,,
139,Republic,republic.com,,,,,thecrowdspace.com/platform/republic,USA,"North America, USA",linkedin.com/company/republic.co,instagram.com/joinrepublic,,x.com/joinrepublic,facebook.com/joinrepublic,,,,,,,,
140,Small Change,smallchange.co,,,,,thecrowdspace.com/platform/small-change,USA,"North America, USA",linkedin.com/company/small-change,instagram.com/oursmallchange,,x.com/oursmallchange,facebook.com/OurSmallChange,,,,,,,,
141,100 Ladrillos,100ladrillos.com,,,Sí,No,thecrowdspace.com/platform/100-ladrillos,Mexico,"North America, Mexico, USA",linkedin.com/company/100ladrillos,instagram.com/100ladrillos,youtube.com/watch,x.com/100ladrillos,facebook.com/100Ladrillos,,,,,,,,
142,Axend,axend.io,,,Incierto,No,thecrowdspace.com/platform/axend,Mexico,"North America, Mexico",linkedin.com/company/axend,instagram.com/axend.io,,x.com/axendio,facebook.com/axendio,,,,,,,,
143,Invesafe,invesafe.com,,,No,No,thecrowdspace.com/platform/invesafe,USA,"North America, USA, Argentina",linkedin.com/company/invesafe,instagram.com/Invesafe.us,,x.com/Invesafe,facebook.com/invesafe,,,,,,,,
144,CapRate,caprate.com.br,,,Incierto,No,thecrowdspace.com/platform/caprate,Brazil,"Latin America, Brazil",linkedin.com/company/capratebrasil,instagram.com/capratebrasil,youtube.com/channel/UCO14RHm3YJdwLDi2VgFrwuQ,,facebook.com/capratebrasil,,,,,,,,
145,Exporo,exporo.de,,,,,thecrowdspace.com/platform/exporo,Germany,"Europe, Germany",linkedin.com/company/exporo,instagram.com/exporo.de,,twitter.com/exporo2014,facebook.com/exporo,,,,apps.apple.com/de/app/exporo/id1631510623,,,,
146,Fundlift,fundlift.cz,,,,,thecrowdspace.com/platform/fundlift,Czech Republic,"Europe, Czech Republic",linkedin.com/company/fundlift,,youtube.com/@fundlift1314,twitter.com/fundlift_cz,facebook.com/fundliftcz,,,,,,,,
147,Achtstein Invest,achtstein-invest.de,,,,,thecrowdspace.com/platform/achtstein-invest,Germany,"Europe, Germany",linkedin.com/company/achtstein,instagram.com/achtstein.invest,,twitter.com/AchtsteinInvest,facebook.com/achtstein.invest,,,,,,,,
148,CrowdDana,crowddana.id,,,,,thecrowdspace.com/platform/crowddana,Indonesia,"Southeast Asia, Indonesia",linkedin.com/company/crowddana,instagram.com/crowddana,youtube.com/channel/UCtmL1syE1SAcqvBAFTbKiSA,,facebook.com/crowddana.id,,,,,,,,
149,CrowdyBee,crowdybee.fr,,,,,thecrowdspace.com/platform/crowdybee,France,"Europe, France",linkedin.com/company/crowdybee,,youtube.com/channel/UCPSFc8WLog5GCIKwv2sIeaw,,,,,,,,,,
150,CreditShare,creditshare.cz,,,,,thecrowdspace.com/platform/creditshare,Czech Republic,"Europe, Czech Republic",linkedin.com/company/creditshare-cz,,,,facebook.com/creditsharecz,,,,,,,,
151,Horeca Crowdfunding Nederland,horecacrowdfunding.nl,,,,,thecrowdspace.com/platform/horecacrowdfunding,Netherlands,"Europe, Netherlands",linkedin.com/company/horeca-crowdfunding-nederland,,youtube.com/watch,twitter.com/horecacrowdfund,facebook.com/HorecaCrowdfundingNederland,,,,,,,,
152,Monego,monego.fr,,,,,thecrowdspace.com/platform/monego,France,"Europe, France",linkedin.com/company/monego,,youtube.com/watch,twitter.com/MonegoLyon,facebook.com/monego.fr,,,,,,,,
153,Beefordeal,beefordeal.com,,,,,thecrowdspace.com/platform/beefordeal,France,"Europe, France",linkedin.com/company/beefordeal,instagram.com/beefordeal,youtube.com/@beefordeal,twitter.com/beefordeal,facebook.com/beefordeal,,,,,,,,
154,PROPVEST,marketplace.propvest.de,,,,,thecrowdspace.com/platform/propvest,Germany,"Europe, Germany",linkedin.com/showcase/propvest-de,instagram.com/propvest.de,,twitter.com/PROPVESTde,facebook.com/propvest.de,,,,,,,,
155,BlocHome,blochome.com,,,,,thecrowdspace.com/platform/blochome,Luxembourg,"Europe, Luxembourg",linkedin.com/company/blochome,instagram.com/blochome_official,youtube.com/watch,x.com/blochome,facebook.com/blochomers,,discord.gg/ZsbG2ju6k7,,,,,,
156,Securitize,securitize.io,,,,,thecrowdspace.com/platform/securitize,USA,"North America, USA",linkedin.com/company/securitize,,youtube.com/c/Securitize/featured,x.com/Securitize,,,,,,,,,
157,Crowdprop,crowdprop.co.za,,,,,thecrowdspace.com/platform/crowdprop,South Africa,"Africa, South Africa",linkedin.com/company/crowdpropsa,instagram.com/crowdprop,,x.com/crowdpropsa,facebook.com/CrowdPropsa,,,,,,,,
158,PipelBiz,pipelbiz.com,,,,,thecrowdspace.com/platform/pipelbiz,Israel,"MENA, Israel",linkedin.com/company/pipelbiz,instagram.com/pipelbiz,,,facebook.com/pipelbiz,,,,,,,,
159,Reental,reental.co,,,Sí,Sí,thecrowdspace.com/platform/reental,Spain,"Europe, Spain",linkedin.com/company/reental,instagram.com/reental.co,youtube.com/channel/UCyZespLYqbv-Cxs19ASFalw,x.com/reental_co,facebook.com/Reental,t.me/reental,discord.gg/QnU76B9PbP,,,,,,
160,Slice,slice.ooo,,,,,thecrowdspace.com/platform/slice,UAE,"Europe, Andorra, Albania, Austria, Belgium, Bosnia and Herzegovina, Bulgaria, Croatia, Cyprus, Czech Republic, Denmark, Estonia, Finland, France, Germany, Greece, Hungary, Iceland, Ireland, Italy, Latvia, Liechtenstein, Lithuania, Luxembourg, Macedonia, Malta, Moldova, Monaco, Netherlands, Norway, Poland, Portugal, Romania, Serbia, Slovakia, Slovenia, Spain, Sweden, Switzerland, United Kingdom, Ukraine, Canada, USA, Israel, Turkey, Saudi Arabia, UAE",linkedin.com/company/slice-fintech,instagram.com/slicesuperapp,,x.com/Slicesuperapp,facebook.com/slice.ooo,,,,,,,,
161,Vesterr,vesterr.com,,,,,thecrowdspace.com/platform/vesterr,USA,"North America, USA",linkedin.com/company/vesterr,,,x.com/investvesterr,facebook.com/Investvesterr,,,,,,,,
162,Tessin,tessin.com/en,,,,,thecrowdspace.com/platform/tessin,Sweden,"Europe, Sweden",linkedin.com/company/tessin-com,,,,facebook.com/tessinpunktse,,,,,,,,
163,Lend,lend.ch,,,,,thecrowdspace.com/platform/lend,Switzerland,"Europe, Switzerland",linkedin.com/company/lend---switzerlend-ag,instagram.com/lend_ch,youtube.com/LendChp2p,twitter.com/LEND_CH,facebook.com/lend.ch,,,,,,,,
164,Rendimento Etico,rendimentoetico.it,,,,,thecrowdspace.com/platform/rendimento-etico,Italy,"Europe, Italy",linkedin.com/company/rendimento-etico,instagram.com/rendimento_etico,youtube.com/watch,dropbox.com/s/jfo8pr5h90ttwn2/2022-10-27%20Giornale%20di%20Vicenza%20-%20Rendimento%20Etico.pdf,facebook.com/rendimentoetico,,,,,,,,
165,Isicrowd,isicrowd.it,,,,,thecrowdspace.com/platform/isicrowd,Italy,"Europe, Italy",linkedin.com/company/isicrowd,instagram.com/isicrowd_official,youtube.com/channel/UCUzNNnumoOWnBZe461BAtIA,,facebook.com/isicrowd,,,,,,,,
166,Tribe Funding,tribefunding.eu,,,,,thecrowdspace.com/platform/tribe-funding,Estonia,"Europe, Estonia",linkedin.com/company/tribe-funding,instagram.com/tribefunding,,twitter.com/tribe_funding,facebook.com/tribefunding,,,,,,,,
167,Stomea,stomea.com,,,,,thecrowdspace.com/platform/stomea,France,"Europe, France",linkedin.com/company/stomea,instagram.com/stomea.fr,youtube.com/@stomea_com,,facebook.com/stomea.fr,,,,,,,,
168,Fundhero,,,,,,thecrowdspace.com/platform/fundhero,Belgium,"Europe, France",linkedin.com/company/fundherofr,,,,,,,,,,,,
169,Together We Invest,en.tgt.co.il,,,,,thecrowdspace.com/platform/together-we-invest,Israel,"MENA, Israel",linkedin.com/company/together-we-invest,,youtube.com/channel/UCVrfowRUpCmrEB3FeNvYhAQ,twitter.com/home,facebook.com/togetherweareinvesting,,,,,,,,
170,MountX,mountx.io,,,No,No,thecrowdspace.com/platform/mountx,Mexico,"North America, Canada, Mexico, USA",linkedin.com/company/mountx-real-estate,instagram.com/mountx_real_estate,youtube.com/channel/UCU9hxunT-O3sucexHPlosmg,x.com/Mountx_R_Estate,facebook.com/mountxrealestate,,,,,,,,
171,Pocket Properties,pocketpropertiesapp.com,,,,,thecrowdspace.com/platform/pocket-properties,USA,"North America, USA",linkedin.com/company/pocket-properties,instagram.com/pocketpropertiesapp,,x.com/pocketpropsapp,facebook.com/pocketpropertiesapp,,,,,,,,
172,Bildap,bildap.it,,,,,thecrowdspace.com/platform/bildap,Italy,"Europe, Italy",linkedin.com/company/bildap,,,,facebook.com/bildap.investment,,,,,,,,
173,CROWN FUNDING,crownfunding.fr,,,,,thecrowdspace.com/platform/crown-funding,France,"Europe, France",linkedin.com/company/crownfundingfr/about,instagram.com/crownfundingfr,youtube.com/channel/UCE74CPDPD8HmjqSo-1G-_-g,twitter.com/crownfundingfr,facebook.com/crownfundingfr,,,,,,,,
174,Lymo,lymo.fr,,,,,thecrowdspace.com/platform/lymo,France,"Europe, France",,,,twitter.com/lymo_fr,,,,,,,,,
175,Loanboox,loanboox.com/ch,,,,,thecrowdspace.com/platform/loanboox,Switzerland,"Europe, Switzerland",linkedin.com/company/loanboox,,,twitter.com/loanboox,facebook.com/loanboox,,,,,,,,
176,mybilio,mybilio.de,,,,,thecrowdspace.com/platform/mybilio,Germany,"Europe, Germany",linkedin.com/company/mybilio,instagram.com/mybilio,,,facebook.com/mybilio,,,,,,,,
177,Awaed,awaed.capital,,,,,thecrowdspace.com/platform/awaed,Saudi Arabia,"MENA, Saudi Arabia",linkedin.com/company/awaed,instagram.com/awaedco,,x.com/awaedco,,,,,apps.apple.com/us/app/awaed-%D8%B9%D9%88%D8%A7%D8%A6%D8%AF/id1610134585,,,,
178,MAHANA CAPITAL,,,,,,thecrowdspace.com/platform/mahana-capital,France,"Europe, France",linkedin.com/company/mahana-capital,,,twitter.com/MahanaCapital,,,,,,,,,
179,Kirsan Invest,kirsaninvest.eu,,,,,thecrowdspace.com/platform/kirsan-invest-espana,Spain,"Europe, Spain",linkedin.com/company/kirsan-invest,instagram.com/kirsangroup,youtube.com/@kirsan_invest,x.com/GroupKirsan,facebook.com/profile.php,,,,,,,,
180,PeerStreet,peerstreet.com,,,,,thecrowdspace.com/platform/peerstreet,USA,"North America, Canada, USA, UAE",linkedin.com/company/peerstreet,,,x.com/PeerStreet,facebook.com/PeerStreetHQ,,,,,,,,
181,Alta,alta.exchange,,,,,thecrowdspace.com/platform/alta,Singapore,"Southeast Asia, Malaysia, Singapore, India",linkedin.com/company/altaexchange,,,x.com/AltaGroupCo,facebook.com/altagroup.co,,,,apps.apple.com/sg/app/alta-alternative-assets/id6449359435,,,,
182,SMU Prime,primecap.com.br,,,No relevante,No,thecrowdspace.com/platform/smu-prime,Brazil,"Latin America, Brazil",,,,,,,,,,,,,
183,UpsideTown,upsidetown.it,,,,,thecrowdspace.com/platform/upsidetown,Italy,"Europe, Italy",linkedin.com/company/upsidetown,instagram.com/upsidetown.it,,twitter.com/UpsideTown_EU,facebook.com/upsidetown.eu,,,,,,,,
184,Coreestate,coreestate.io,,,,,thecrowdspace.com/platform/coreestate,Denmark,"Europe, Denmark",linkedin.com/company/coreestateglobal,,,x.com/coreestate_io,facebook.com/people/Coreestate/100095371784390,,,,,,,,
185,Arat Capital,arat.co,,,,,thecrowdspace.com/platform/arat-capital,Saudi Arabia,"MENA, Saudi Arabia",linkedin.com/company/aratcapital,instagram.com/arat.capital,youtube.com/channel/UClyLZsnxCn7sBKs0_GyTePw,x.com/ARATCapital,facebook.com/people/Arat-%D8%A7%D8%B1%D8%A7%D8%AA/61552229217289,,,,apps.apple.com/us/app/arat-%D8%A7%D8%B1%D8%A7%D8%AA/id6464424894,,,,
186,Daskapital,daskapital.eu,,,,,thecrowdspace.com/platform/daskapital,Portugal,"Europe, Portugal",linkedin.com/company/daskapital-eu,,,,,,,,,,,,
187,Makassb,,,,,,thecrowdspace.com/platform/makassb,Saudi Arabia,"MENA, Saudi Arabia",linkedin.com/company/makassb,instagram.com/makassb_co,,x.com/Makassb_co,,,,,,,,,
188,Metawealth,metawealth.co,,,,,thecrowdspace.com/platform/metawealth,Ireland,"Europe, Ireland",linkedin.com/company/metawealthapp,instagram.com/metawealthco,,x.com/MetaWealth,facebook.com/MetaWealthApp,,,,,,,,
189,Look&Fin,lookandfin.com/fr,,,,,thecrowdspace.com/platform/lookandfin,Belgium,"Europe, Belgium, France",linkedin.com/company/look&fin,instagram.com/lookandfin,,twitter.com/LookandFin,facebook.com/lookandfin,,,,,,,,
190,Monio,monio.no,,,,,thecrowdspace.com/platform/monio,Norway,"Europe, Norway",linkedin.com/company/moniono,instagram.com/monio.no,,,facebook.com/monionor,,,,,,,,
191,Socilen,,,,,,thecrowdspace.com/platform/socilen,Spain,"Europe, Spain",linkedin.com/company/socilen-lending-sl,,,twitter.com/socilen,facebook.com/socilen,,,,,,,,
192,Initiative Ireland,initiativeireland.ie,,,,,thecrowdspace.com/platform/initiative-ireland,Ireland,"Europe, Ireland",linkedin.com/company/initiative-ireland,,,twitter.com/initiativeirl,facebook.com/InitiativeIrl,,,,,,,,
193,Fundbricks,fundbricks.com,,,,,thecrowdspace.com/platform/fundbricks,Denmark,"Europe, Denmark",linkedin.com/company/fundbricks,instagram.com/fundbricks,,,facebook.com/fundbrickscompany,,,,apps.apple.com/dk/app/fundbricks/id1670068245,,,,
194,Equity St.,equityst.com,,,,,thecrowdspace.com/platform/equity-st,USA,"North America, USA",linkedin.com/company/equitystcapital,,,,,,,,,,,,
195,Definder,definder.global,,,,,thecrowdspace.com/platform/definder,United Kingdom,"Europe, United Kingdom",linkedin.com/company/smartlands-foundation-platform,,youtube.com/c/definder/videos,x.com/definder_global,facebook.com/Definder.global,,,,,,,,
196,Vicinity,vicinitycapital.com,,,,,thecrowdspace.com/platform/vicinity,USA,"North America, USA",linkedin.com/company/vicinity-capital,instagram.com/vicinitycapital,,,facebook.com/vicinitycap,,,,,,,,
197,InvestDubai,investdubai.com,,,Sí,,thecrowdspace.com/platform/investdubai,UAE,"MENA, UAE",,instagram.com/helloinvestdubai,,,,,,,,,,,
198,Invown,,,,,,thecrowdspace.com/platform/invown,USA,"North America, USA",linkedin.com/company/invown,,,x.com/invown1,facebook.com/Invown,,,,,,,,
199,Prepay Investimenti,prepayinvestimenti.it,,,,,thecrowdspace.com/platform/prepay-investimenti,Italy,"Europe, Italy",,instagram.com/prepay.investimenti,,twitter.com/i/flow/login,facebook.com/prepayinvestimenti,,,,,,,,
200,Tokimo,,,,,,thecrowdspace.com/platform/tokimo,France,"Europe, France",linkedin.com/company/tokimo,instagram.com/tokimo_officiel,youtube.com/channel/UC-9elt00ubqp8hHgdBY2U5A/featured,,facebook.com/profile.php,,,,,,,,
201,Wevest,wevest.fr,,,,,thecrowdspace.com/platform/wevest,France,"Europe, France",linkedin.com/company/wevestfr,instagram.com/wevest.fr,,,facebook.com/people/Wevest/100091888568184,,,,,,,,
202,My Capital Immo,mycapital.immo,,,,,thecrowdspace.com/platform/mycapitalimmo,France,"Europe, France",,,,twitter.com/mycapitalimmo,facebook.com/mycapitalimmo,,,,,,,,
203,Renditefokus,renditefokus.de,,,,,thecrowdspace.com/platform/renditefokus,Germany,"Europe, Germany",,,,twitter.com/Renditefokus,facebook.com/Renditefokus,,,,,,,,
204,BDKapital,bdkapital.es,,,,,thecrowdspace.com/platform/bdkapital,Spain,"Europe, Spain",linkedin.com/company/bdkapital,,,twitter.com/BD_Kapital,,,,,,,,,
205,Upvest,upvest.cz,,,,,thecrowdspace.com/platform/upvest,Czech Republic,"Europe, Czech Republic",linkedin.com/company/upvest-s.r.o./posts,instagram.com/upvest.cz,,twitter.com/upvestcz,facebook.com/upvestcz,,,,,,,,
206,Bonafide Investment,,,,,,thecrowdspace.com/platform/bonafide-investment,Germany,"Europe, Germany",linkedin.com/company/bonafide-immobilien-gmbh,instagram.com/bonafideimmobilien,,,facebook.com/bonafideImmobilienGmbH,,,,,,,,
207,FINEXITY,finexity.com,,,,,thecrowdspace.com/platform/finexity,Germany,"Europe, Andorra, Albania, Austria, Belgium, Bosnia and Herzegovina, Bulgaria, Croatia, Cyprus, Czech Republic, Denmark, Estonia, Finland, France, Germany, Greece, Hungary, Iceland, Ireland, Italy, Latvia, Liechtenstein, Lithuania, Luxembourg, Macedonia, Malta, Moldova, Monaco, Netherlands, Norway, Poland, Portugal, Romania, Serbia, Slovakia, Slovenia, Spain, Sweden, Switzerland, United Kingdom, Israel, Turkey",de.linkedin.com/company/finexity,instagram.com/finexity,youtube.com/channel/UCmSpBGXd7jx0472vPsojLoA,twitter.com/_Finexity_,facebook.com/FINEXITY,,,,apps.apple.com/us/app/finexity/id1464876346,,,,
208,Benkey,benkey.nl,,,,,thecrowdspace.com/platform/benkey,Netherlands,"Europe, Netherlands",linkedin.com/company/benkey-nl,instagram.com/benkey_finance,youtu.be/jyvk4LyPbcE,,facebook.com/profile.php,,,,apps.apple.com/nl/app/benkey-portal/id6504413229,,,,
209,Roier,roier.cz,,,,,thecrowdspace.com/platform/roier,Czech Republic,"Europe, Czech Republic",linkedin.com/company/roier-cz,,,,facebook.com/roierinvestment,,,,,,,,
210,Backtowork24,backtowork24.com,,,,,thecrowdspace.com/platform/backtowork24,Italy,"Europe, Italy",linkedin.com/company/3010651,instagram.com/backtowork_official,,twitter.com/BacktoWork24,facebook.com/backtowork24,,,,,,,,
211,SmartMoney,smartmoney.inc,,,,,thecrowdspace.com/platform/smartmoney,USA,"North America, USA",linkedin.com/company/smartmoney,,,x.com/smartmoney,facebook.com/SmartMoneyInc,,,,,,,,
212,Aseel,investaseel.sa,,,,,thecrowdspace.com/platform/aseel,Saudi Arabia,"MENA, Saudi Arabia, UAE",linkedin.com/company/aseel,instagram.com/investaseel,,x.com/investaseel,,,,,apps.apple.com/eg/app/aseel-%D8%A3%D8%B5%D9%8A%D9%84/id1622681127,,,,
213,Tantiem,tantiem.com,,,,,thecrowdspace.com/platform/tantiem,France,"Europe, France",linkedin.com/company/tantiem/about,instagram.com/tantiem_france,,,facebook.com/TantiemFrance,,,,apps.apple.com/ee/app/tantiem/id6738656312,,,,
214,Sahem,,,,,,thecrowdspace.com/platform/sahem,Saudi Arabia,"MENA, Saudi Arabia, UAE",,instagram.com/sahem_financial,youtube.com/channel/UCSCOPP2gRFDFx54-BXcFXMQ,x.com/Sahem_Financial,,,,,,,,,
215,Italy-Crowd,,,,,,thecrowdspace.com/platform/italy-crowd,Italy,"Europe, Italy",linkedin.com/company/italy-crowd,,,,facebook.com/italycrowd,,,,,,,,
216,Seed and collect,seedandcollect.com,,,,,thecrowdspace.com/platform/seed-and-collect,France,"Europe, France",linkedin.com/company/seed-an-collect-sas,,,,,,,,,,,,
217,LINUS,linus-finance.com,,,,,thecrowdspace.com/platform/linus,Germany,"Europe, Germany, United Kingdom",linkedin.com/company/linus-digital-finance,,,twitter.com/linusfinance,facebook.com/linusdigitalfinance,,,,,,,,
218,Nester,nester.com,,,,,thecrowdspace.com/platform/nester,United Kingdom,"Europe, United Kingdom",linkedin.com/company/nesterinvest,,,,,t.me/+T6JWyEec-D6A2-zA,,,,,,,
219,Crowder.pro,crowder.pro,,,,,thecrowdspace.com/platform/crowder-pro,Poland,"Europe, Poland",linkedin.com/company/crowder-pro,,youtube.com/channel/UCyFsegexIHu-6I30cheAO2Q,twitter.com/search,facebook.com/Crowder.Pro,,,,,tiktok.com/@inwestycyjne500plus,,,
220,Sparklending,,,,,,thecrowdspace.com/platform/sparklending,France,"Europe, France",linkedin.com/company/spark-lending,,,twitter.com/sparklending,facebook.com/sparklending,,,,,,,,
221,Mr.Crowd,mrcrowd.com,,,,,thecrowdspace.com/platform/mr-crowd,USA,"North America, USA",,,,x.com/mrcrowdinc,facebook.com/mrcrowdinc,,,,apps.apple.com/us/app/mr-crowd/id1463758568,,,,
222,Go investing,capitalgoinvest.com,,,,,thecrowdspace.com/platform/go-investing,Lithuania,"Europe, Lithuania",linkedin.com/company/capitalgoinvest,,,,facebook.com/people/Capital-Go-Invest,,,,,,,,
223,Semillas Urbanas MÃ©xico,semillasurbanas.mx,,,Incierto,Incierto,thecrowdspace.com/platform/semillas-urbanas-mexico,Mexico,"North America, Mexico",linkedin.com/company/su-mx,instagram.com/semillasurbanas_mx,,,,,,,,,,,
224,YELDO CROWD,yeldocrowd.com,,,,,thecrowdspace.com/platform/yeldo-crowd,Germany,"Europe, Germany, Italy, Switzerland",,,,,,,,,,,,,
225,BEEDOO,beedoo.ch,,,,,thecrowdspace.com/platform/beedoo,Switzerland,"Europe, Switzerland",linkedin.com/company/beedoo-sa/about,instagram.com/beedoo.ch,youtube.com/channel/UCSwx7KeXlvxyerL1pOxd78Q,twitter.com/BEEDOOch,facebook.com/BEEDOOch,,,,,,,,
226,Baltis Capital,baltis.com,,,,,thecrowdspace.com/platform/baltis-capital,France,"Europe, France",linkedin.com/company/baltis-crowdfunding,instagram.com/baltis_crowdfunding,,twitter.com/baltis,facebook.com/baltiscrowdfunding,,,,,,,,
227,EuroRaiser,euroraiser.com,,,,,thecrowdspace.com/platform/euroraiser,France,"Europe, France",linkedin.com/company/myeuroraiser,,,twitter.com/EuroRaiser,facebook.com/EuroRaiser,,,,,,,,
228,RONDA INVEST,,,,,,thecrowdspace.com/platform/ronda-invest,Czech Republic,"Europe, Czech Republic",linkedin.com/company/ronda-invest-a-s,,,,facebook.com/rondainvestcz,,,,,,,,
229,Ð¡osmofunding,cosmofunding.com,,,,,thecrowdspace.com/platform/%d1%81osmofunding,Switzerland,"Europe, Switzerland",linkedin.com/company/vontobel,,,twitter.com/Vontobel,facebook.com/vontobel.global,,,,,,,,
230,GenoCrowd,genocrowd.de,,,,,thecrowdspace.com/platform/genocrowd,Germany,"Europe, Germany",linkedin.com/company/genocrowd-gmbh,instagram.com/genocrowd.de,,,facebook.com/GenoCrowd,,,,,,,,
231,INVEST-T,,,,,,thecrowdspace.com/platform/invest-t,Italy,"Europe, Italy",linkedin.com/company/invest-t-s-r-l,,,,facebook.com/investT.it,,,,,,,,
232,PlanetHome,planethome-invest.com,,,,,thecrowdspace.com/platform/planethome,Germany,"Europe, Germany",linkedin.com/company/ifunded,,,,,,,,,,,,
233,Silicon Prairie,sphi.io/crowdfunding,,,,,thecrowdspace.com/platform/silicon-prairie,USA,"North America, USA",linkedin.com/company/seed-at-the-table,,,,facebook.com/SiliconPrairie,,,,,,,,
234,SoMo,somo.co.uk,,,,,thecrowdspace.com/platform/somo,United Kingdom,"Europe, United Kingdom",,,,,,,,,,,,,
235,Civislend,civislend.com,,,,,thecrowdspace.com/platform/civislend,Spain,"Europe, Spain",linkedin.com/company/10918688,,,twitter.com/Civislend,facebook.com/civislend,t.me/civislendpfp,,,,,,,
236,Common Owner,commonowner.com,,,,,thecrowdspace.com/platform/common-owner,USA,"North America, USA",linkedin.com/company/common-owner,,,,,,,,,,,,
237,Main Street Bond,mainstreetbond.com,,,,,thecrowdspace.com/platform/main-street-bond,USA,"North America, USA",linkedin.com/company/main-street-bond,instagram.com,,x.com,,,,,,,,,
238,Thuisborg,thuisborg.nl,,,,,thecrowdspace.com/platform/thuisborg,Netherlands,"Europe, Netherlands",,,,,,,,,,,,,
239,Segofinance,segofinance.com,,,,,thecrowdspace.com/platform/segofinance,Spain,"Europe, Spain",linkedin.com/company/sego-finance,,,twitter.com/SegoFinance,,,,,,,,,
240,Demetra Lending,demetralending.com,,,,,thecrowdspace.com/platform/demetra-lending,Italy,"Europe, Italy",,,,,,,,,,,,,
241,Bulkestate,bulkestate.com,,,,,thecrowdspace.com/platform/bulkestate,Latvia,"Europe, Latvia",linkedin.com/company/10782946,instagram.com/bulkestate,,twitter.com/bulkestate,facebook.com/Bulkestate,,,,,,,,
242,icrowd house,icrowdhouse.com,,,,,thecrowdspace.com/platform/icrowd-house,Spain,"Europe, Spain",linkedin.com/company/sodacrowd,instagram.com/sodacrowd,,twitter.com/icrowdhouse,,,,,,,,,
243,Oblinor,oblinor.no,,,,,thecrowdspace.com/platform/oblinor-as,Norway,"Europe, Norway",linkedin.com/company/oblinor,instagram.com/oblinor.no,,,facebook.com/Oblinor,,,,apps.apple.com/app/id1531272446,,,,
244,Rocksolid Estate,rocksolidestate.com,,,,,thecrowdspace.com/platform/rocksolid-estate,Austria,"Europe, Austria",linkedin.com/company/rocksolid-estate-ag,instagram.com/rocksolidestateag,youtube.com/@RocksolidEstate,x.com/RocksolidEstate,facebook.com/RocksolidEstate,t.me/rocksolidestate,,,,,,,
245,Sunvest digital,sunvestdigital.com,,,,,thecrowdspace.com/platform/sunvest-digital,Slovakia,"Europe, Slovakia",linkedin.com/company/sunvest-digital-a-s,,,,,,,,,,,,
246,Xperts Crowdfunding,ingo.finance,,,,,thecrowdspace.com/platform/xperts-crowdfunding,France,"Europe, France",,,,,,,,,,,,,
247,Anaxago,anaxago.com,,,,,thecrowdspace.com/platform/anaxago,France,"Europe, France",,,,twitter.com/anaxago_team,,,,,,,,,
248,FundingSecure,fundingsecure.com,,,,,thecrowdspace.com/platform/fundingsecure,United Kingdom,"Europe, United Kingdom",,,,twitter.com/FundingSecure,facebook.com/pages/Fundingsecure/389263254511570,,,,,,,,
249,ClubFunding,clubfunding.eu,,,,,thecrowdspace.com/platform/clubfunding,France,"Europe, France",,,,twitter.com/clubfunding1,,,,,,,,,
250,Zinsland,,,,,,thecrowdspace.com/platform/zinsland,Germany,"Europe, Germany",,,,twitter.com/ZINSLAND,,,,,,,,,
251,Crowdrealestate,crowdrealestate.nl,,,,,thecrowdspace.com/platform/crowdrealestate,Netherlands,"Europe, Netherlands",linkedin.com/company/crowdrealestate,instagram.com/crowdrealestate,,twitter.com/crowdrealest,facebook.com/crowdrealestatecom,,,,,,,,
252,Mezzany,mezzany.com,,,,,thecrowdspace.com/platform/mezzany,Germany,"Europe, Germany",,,,twitter.com/Mezzany,,,,,,,,,
253,ReaCapital,,,,,,thecrowdspace.com/platform/reacapital,Germany,"Europe, Germany",,,,twitter.com/ReaCapital,,,,,,,,,
254,Bouwaandeel,,,,,,thecrowdspace.com/platform/bouwaandeel,Netherlands,"Europe, Netherlands",,,,,,,,,,,,,
255,Immo Funding,,,,,,thecrowdspace.com/platform/immo-funding,Austria,"Europe, Austria, Germany",,,,twitter.com/immo_funding,,,,,,,,,
256,Kuflink,kuflink.com,,,,,thecrowdspace.com/platform/kuflink,United Kingdom,"Europe, United Kingdom",linkedin.com/company/kuflink-ltd,,youtube.com/channel/UCJPmr9ciVNZfs9eGSiEcP6Q,twitter.com/kuflinkuk,facebook.com/KuflinkInvest,,,,apps.apple.com/gb/app/kuflink-p2p-investments/id1398370769,,,,
257,Crowd Partner,crowdpartner.de,,,,,thecrowdspace.com/platform/crowd-partner,Germany,"Europe, Germany",,instagram.com/crowdpartner_de,,twitter.com/CrowdPartner_de,facebook.com/CrowdPartnerGmbH,,,,,,,,
258,Grundag,,,,,,thecrowdspace.com/platform/grundag,Germany,"Europe, Germany",,,,twitter.com/Grund_AG,,,,,,,,,
259,VastgoedInvesteren,,,,,,thecrowdspace.com/platform/vastgoedinvesteren,Netherlands,"Europe, Netherlands",,,,twitter.com/VastgoedInvest,,,,,,,,,
260,Hilltop Credit Partners,hilltopcreditpartners.com,,,,,thecrowdspace.com/platform/hilltopcreditpartners,United Kingdom,"Europe, United Kingdom",linkedin.com,instagram.com,,twitter.com/CreditHilltop,facebook.com,,,,,,,,
261,MyKornerShop,,,,,,thecrowdspace.com/platform/mykornershop,France,"Europe, France",,,,,,,,,,,,,
262,RECrowd,recrowd.at,,,,,thecrowdspace.com/platform/recrowd,Austria,"Europe, Austria",,,,,,,,,,,,,
263,SKAPA,,,,,,thecrowdspace.com/platform/skapa,Germany,"Europe, Germany",,,,twitter.com/SKAPAinvest,,,,,,,,,
264,Issuance,issuanceexpress.com,,,,,thecrowdspace.com/platform/issuancee,USA,"North America, USA",,,,,,,,,,,,,
265,Angel Estate,angelestate.com,,,,,thecrowdspace.com/platform/angel-estate,USA,"North America, USA",,,,,,,,,,,,,
266,Hegner & MÃ¶ller,hegner-moeller.de,,,,,thecrowdspace.com/platform/hegner-moller,Germany,"Europe, Germany",,,,,,,,,,,,,
267,CrowdBricks,crowdbricks.nl,,,,,thecrowdspace.com/platform/crowdbricks,Netherlands,"Europe, Netherlands",,,,,,,,,,,,,
268,Lendino,lendino.dk,,,,,thecrowdspace.com/platform/lendino,Denmark,"Europe, Denmark",,,,,,,,,,,,,
269,Blomal,blomal.sa,,,,,thecrowdspace.com/platform/blomal,Saudi Arabia,"MENA, Saudi Arabia",linkedin.com/company/blomal,instagram.com/blomal_sa,,x.com/Blomal_sa,,,,,apps.apple.com/app/blomal-%D8%A8%D9%84%D9%88%D9%85%D8%A7%D9%84/id6733238701,,,,
270,Ajdar,ajdar.sa,,,,,thecrowdspace.com/platform/ajdar,Saudi Arabia,"MENA, Saudi Arabia, UAE",,,,,,,,,,,,,
271,Tylia,tylia.fr,,,,,thecrowdspace.com/platform/tylia-invest,France,"Europe, France",,,,twitter.com/TYLIA_Fr,,,,,,,,,
272,Crowdestates,crowdestates.com,,,,,thecrowdspace.com/platform/crowdestates,United Kingdom,"Europe, United Kingdom",,,,twitter.com/crowdestates,facebook.com/pages/Crowdestates/188039974735148,,,,,,,,
273,Property Moose,,,,,,thecrowdspace.com/platform/propertymoosepropertymoose,United Kingdom,"Europe, United Kingdom",,,,twitter.com/propertymoose,,,,,,,,,
274,Crowd2let,,,,,,thecrowdspace.com/platform/crowd2let,United Kingdom,"Europe, United Kingdom",,,,twitter.com/crowd2let,,,,,,,,,
275,Upstone,upstone.co,,,,,thecrowdspace.com/platform/upstone,France,"Europe, France",,,,twitter.com/Upstone,,,,,,,,,
276,Blast Angels,blastangels.com,,,,,thecrowdspace.com/platform/blast-angels,France,"Europe, France, Spain",linkedin.com/in/thomas-rebaud,,,,,,,,,,,,
277,Crowdahouse,,,,,,thecrowdspace.com/platform/crowdahouse,United Kingdom,"Europe, United Kingdom",,,,twitter.com/Crowdahouse,,,,,,,,,
278,Find&Fund,findandfund.com,,,,,thecrowdspace.com/platform/findfund,France,"Europe, France",,,,,,,,,,,,,
279,Dividom,,,,,,thecrowdspace.com/platform/dividom,France,"Europe, France",,,,twitter.com/dividom_com,,,,,,,,,
280,Proximea,proximea.com,,,,,thecrowdspace.com/platform/proximea,France,"Europe, France",linkedin.com/company/proximea,instagram.com/proximea_crowdfunding,,twitter.com/proximea,,,,,,,,,
281,BitOfProperty,,,,,,thecrowdspace.com/platform/bitofproperty,Estonia,"Europe, Estonia",,,,twitter.com/BitOfProperty,,,,,,,,,
282,Sarego,,,,,,thecrowdspace.com/platform/sarego,Germany,"Europe, Germany",,,,,,,,,,,,,
283,KlickOwn,,,,,,thecrowdspace.com/platform/klickown,Germany,"Europe, Germany",,,,twitter.com/KlickOwn,,,,,,,,,
284,Ynto Crowd,,,,,,thecrowdspace.com/platform/ynto-crowd,Germany,"Europe, Germany",,,,,,,,,,,,,
285,Buildbull,buildbull.com,,,,,thecrowdspace.com/platform/buildbull,Italy,"Europe, Italy",linkedin.com/company/buildbull,instagram.com/buildbull_,youtube.com/channel/UCq86YrA_p35p6syXHnIavZw,,facebook.com/profile.php,,,,,,,,
286,Reval,,,,,,thecrowdspace.com/platform/reval,Austria,"Europe, Austria",,,,twitter.com/reval_crowd,,,,,,,,,
287,StoneRaise,,,,,,thecrowdspace.com/platform/stoneraise,France,"Europe, France",,,,twitter.com/Stone_Raise,,,,,,,,,
288,Zinscrowd,,,,,,thecrowdspace.com/platform/zinscrowd,Germany,"Europe, Germany",,,,,,,,,,,,,
289,Bricks&People,,,,,,thecrowdspace.com/platform/brickspeople,Spain,"Europe, Spain",,,,twitter.com/BricksPeople,,,,,,,,,
290,House4crowd,,,,,,thecrowdspace.com/platform/house4crowd,Italy,"Europe, Italy",,,,twitter.com/house4crowdinfo,,,,,,,,,
291,October,october.eu,,,,,thecrowdspace.com/platform/october,France,"Europe, France",linkedin.com/company/october-eu,,youtube.com/watch,twitter.com/october_EU,facebook.com/october.eu,,,,,,,,
292,Beton Gold,,,,,,thecrowdspace.com/platform/beton-gold,Austria,"Europe, Austria",,,,,,,,,,,,,
293,Mercurcap,mercurcap.de,,,,,thecrowdspace.com/platform/mercurcap,Germany,"Europe, Germany",linkedin.com/company/mercurcap,,,twitter.com/mercurcap,facebook.com/MercurcapGmbH,,,,,,,,
294,Leone Investments,leoneinvestments.it,,,,,thecrowdspace.com/platform/leone-investments,Italy,"Europe, Italy",,,,,,,,,,,,,
295,Kensington Crowd,,,,,,thecrowdspace.com/platform/kensington-crowd,Germany,"Europe, Germany",,,,,,,,,,,,,
296,BrickVest,brickvest.com,,,,,thecrowdspace.com/platform/brickvest,United Kingdom,"Europe, United Kingdom",linkedin.com/company/brickvest,,,twitter.com/BrickVest,facebook.com/BrickVest,,,,,,,,
297,Crowdfunding Place,,,,,,thecrowdspace.com/platform/crowdfunding-place,United Kingdom,"Europe, United Kingdom",,,,,,,,,,,,,
298,Crowdimo,,,,,,thecrowdspace.com/platform/crowdimo,France,"Europe, France",,,,,,,,,,,,,
299,WiSEED,wiseed.com,,,,,thecrowdspace.com/platform/wiseed,France,"Europe, France",,,,,,,,,,,,,
300,MytripleA,mytriplea.com,,,,,thecrowdspace.com/platform/mytriplea,Spain,"Europe, Spain",linkedin.com/company/mytriplea,,youtube.com/embed/o-9vmb8AP3w,twitter.com/MytripleA,facebook.com/MytripleA,,,,,,,,
301,Koregraf,koregraf.com,,,,,thecrowdspace.com/platform/koregraf,France,"Europe, France",,,,,,,,,,,,,
302,Symcredit,,,,,,thecrowdspace.com/platform/symcredit,Czech Republic,"Europe, Czech Republic",,,,,,,,,,,,,
303,Buildr,buildr.fr,,,,,thecrowdspace.com/platform/buildr,France,"Europe, France",linkedin.com/company/welcome-plateforme,,youtube.com/watch,,,,,,,,,,
304,Property Bridges,propertybridges.com,,,,,thecrowdspace.com/platform/propertybridges,Ireland,"Europe, Ireland",linkedin.com/company/property-bridges,,,twitter.com/PropertyBridges,facebook.com/Property-Bridges-1962173310684797,,,,,,,,
305,Tausend mal Tausend,1000x1000.at,,,,,thecrowdspace.com/platform/1000x1000,Austria,"Europe, Austria",,,,twitter.com/willfort,facebook.com/1000x1000,,,,,,,,
306,Property Crowd,propertycrowd.com,,,,,thecrowdspace.com/platform/propertycrowd,United Kingdom,"Europe, United Kingdom",,,,,,,,,,,,,
307,CrowdProperty,crowdproperty.com,,,,,thecrowdspace.com/platform/crowdproperty,United Kingdom,"Europe, United Kingdom",linkedin.com/company/crowdproperty,instagram.com/crowdproperty,youtube.com/crowdproperty,,facebook.com/CrowdProperty,,,,,,,,
308,Privanet,,,,,,thecrowdspace.com/platform/privanet,Finland,"Europe, Finland",,,,,,,,,,,,,
309,Cashare,cashare.ch,,,,,thecrowdspace.com/platform/cashare,Switzerland,"Europe, Switzerland",linkedin.com/company/cashare-ag,instagram.com/cashare.ch,youtube.com/@cashare,twitter.com/cashare,facebook.com/cashare,,,,,,,,
310,Debitos,debitos.com,,,,,thecrowdspace.com/platform/debitos,Germany,"Europe, Germany",linkedin.com/company/debitos-gmbh,,,twitter.com/debitos_net,,,,,,,,,
311,FundedByMe,,,,,,thecrowdspace.com/platform/fundedbyme,Sweden,"Europe, Sweden",,,,,,,,,,,,,
312,Ablrate,ablrate.co.uk,,,,,thecrowdspace.com/platform/ablrate,United Kingdom,"Europe, United Kingdom",linkedin.com/company/aviation-and-tech-capital-ltd,,,twitter.com/ablrate,facebook.com/ablrate,,,,,,,,
313,LightFin,,,,,,thecrowdspace.com/platform/lightfin,Germany,"Europe, Germany",,,,,,,,,,,,,
314,The House Crowd,,,,,,thecrowdspace.com/platform/thehousecrowd,United Kingdom,"Europe, United Kingdom",,,,,,,,,,,,,
315,Relendex,relendex.com,,,,,thecrowdspace.com/platform/relendex,United Kingdom,"Europe, United Kingdom",linkedin.com/company/relendex,,,trading.relendex.com,,,,,,,,,
316,CrowdLords,crowdlords.com,,,,,thecrowdspace.com/platform/crowdlords,United Kingdom,"Europe, United Kingdom",,,,,,,,,,,,,
317,EvoEstate,evoestate.com,,,,,thecrowdspace.com/platform/evoestate,Estonia,"Europe, Estonia",,,,,,,,,,,,,
318,Proplend,proplend.com,,,,,thecrowdspace.com/platform/proplend,United Kingdom,"Europe, United Kingdom",linkedin.com/company/proplend-limited,,,twitter.com/proplend,facebook.com/proplend,,,,,,,,
319,iFunded,,,,,,thecrowdspace.com/platform/ifunded,Germany,"Europe, Germany",,,,,,,,,,,,,
320,Immovesting,,,,,,thecrowdspace.com/platform/immovesting,France,"Europe, France",,,,,,,,,,,,,
321,Mozzeno,mozzeno.com,,,,,thecrowdspace.com/platform/mozzeno,Belgium,"Europe, Belgium",linkedin.com/company/mozzeno,instagram.com/mozzeno,youtube.com/@mozzeno,twitter.com/mozzeno,facebook.com/mozzeno,,,,,,,,
322,SwissLending,,,,,,thecrowdspace.com/platform/swisslending,Switzerland,"Europe, Switzerland",,,,,,,,,,,,,
323,weeXimmo,weeximmo.com,,,,,thecrowdspace.com/platform/weeximmo,France,"Europe, France",linkedin.com/company/10294790,,,twitter.com/weeXimmo,,,,,,,,,
324,Brickshare,,,,,,thecrowdspace.com/platform/brickshare,Denmark,"Europe, Denmark",,,,,,,,,,,,,
325,Igloo Crowd,,,,,,thecrowdspace.com/platform/igloocrowd,United Kingdom,"Europe, United Kingdom",,,,,,,,,,,,,
326,Inveslar,inveslar.com,,,,,thecrowdspace.com/platform/inveslar,Spain,"Europe, Spain",linkedin.com/company/inveslar,,youtube.com/channel/UCPYOGjo26vgMPfnm0ZiNYKw,twitter.com/inveslar,facebook.com/inveslar,,,,,,,,
327,Lender & Spender,lenderspender.nl,,,,,thecrowdspace.com/platform/lenderspender,Netherlands,"Europe, Netherlands",,,,,,,,,,,,,
328,Brickowner,brickowner.com,,,,,thecrowdspace.com/platform/brickowner,United Kingdom,"Europe, United Kingdom",,,,,,,,,,,,,
329,Crowdestor,crowdestor.com,,,,,thecrowdspace.com/platform/crowdestor,Latvia,"Europe, Latvia",linkedin.com/company/crowdestor,instagram.com/crowdestor,,twitter.com/crowdestor,facebook.com/crowdestor,,,,,,,,
330,Ethic Investors,ethicinvestors.com,,,,,thecrowdspace.com/platform/ethicinvestors,Spain,"Europe, Spain",linkedin.com/company/ethic-investors,instagram.com/ethicinvestors,,twitter.com/ethicinvestors,facebook.com/ethicinvestors,,,,,,,,
331,Flender,flender.ie,,,,,thecrowdspace.com/platform/flender,Ireland,"Europe, Ireland",,,,,,,,,,,,,
332,Co-lend,,,,,,thecrowdspace.com/platform/co-lend,United Kingdom,"Europe, United Kingdom",,,,,,,,,,,,,
333,All4Funding,all4funding.nl,,,,,thecrowdspace.com/platform/all4funding,Netherlands,"Europe, Netherlands",linkedin.com/company/all4funding-bv,,,,facebook.com/all4funding,,,,,,,,
334,Crowdpartners,crowdpartners.nl,,,,,thecrowdspace.com/platform/crowdpartners,Netherlands,"Europe, Netherlands",,,,,,,,,,,,,
335,Matching Capital,,,,,,thecrowdspace.com/platform/matching-capital,Netherlands,"Europe, Netherlands",,,,,,,,,,,,,
336,NewFunding,,,,,,thecrowdspace.com/platform/newfunding,Netherlands,"Europe, Netherlands",,,,,,,,,,,,,
337,LandlordInvest,landlordinvest.com,,,,,thecrowdspace.com/platform/landlordinvest,United Kingdom,"Europe, United Kingdom",linkedin.com/company/landlordinvest,,,twitter.com/Landlord_Invest,facebook.com/landlordinvest,,,,,,,,
338,Crowdhouse,crowdhouse.ch,,,,,thecrowdspace.com/platform/crowdhouse,Switzerland,"Europe, Switzerland",linkedin.com/company/crowdhouse-ch,instagram.com/crowdhouse_official,youtube.com/channel/UCZ85nvzH3HMryb21OARICcw,twitter.com/crowdhouse_ch,facebook.com/crowdhouseCH,,,,,,,,
339,Zonky,zonky.cz,,,,,thecrowdspace.com/platform/zonky,Czech Republic,"Europe, Czech Republic",,instagram.com/zonky.cz,youtube.com/c/Zonkycom,,facebook.com/zonkycom,,,,,,,,
340,CROWDLI,crowdli.ch,,,,,thecrowdspace.com/platform/crowdli,Switzerland,"Europe, Switzerland",linkedin.com/company/crowdli,instagram.com/crowdli_ch,,,facebook.com/crowdlich-659895360829406,,,,,,,,
341,Bloomio,bloomio.com,,,,,thecrowdspace.com/platform/bloomio,Switzerland,"Europe, Switzerland",linkedin.com/company/bloomio,,,twitter.com/Bloomioplatform,facebook.com/bloomioplatform,,,,,,,,
342,Property Partner,propertypartner.co,,,,,thecrowdspace.com/platform/property-partner,United Kingdom,"Europe, United Kingdom",linkedin.com/company/lhe,,,twitter.com/prop_partner,facebook.com/LondonHouseExchange,,,,,,,,
343,Yielders,yielders.co.uk,,,,,thecrowdspace.com/platform/yielders,United Kingdom,"Europe, United Kingdom",linkedin.com/company/yielders,instagram.com/yieldersuk,,twitter.com/yieldersuk,facebook.com/yielders,,,,,,,,
344,Sourced Capital,sourcedcapital.co,,,,,thecrowdspace.com/platform/sourced-capital,United Kingdom,"Europe, United Kingdom",,,,,,,,,,,,,
345,British Pearl,britishpearl.com,,,,,thecrowdspace.com/platform/britishpearl,United Kingdom,"Europe, United Kingdom",linkedin.com/company/british-pearl,instagram.com/britishpearl,youtube.com/channel/UC40yitWbhZVzh5Lczh89FsQ,twitter.com/britishpearl,facebook.com/BritishPearl,,,,,,,,
346,Crowdstacker,crowdstacker.com,,,,,thecrowdspace.com/platform/crowdstacker,United Kingdom,"Europe, United Kingdom",linkedin.com/company/crowdstacker,,,twitter.com/Crowdstacker,facebook.com/pages/Crowdstacker/824352514255735,,,,,,,,
347,Europpa,europpa.eu,,,,,thecrowdspace.com/platform/europpa,Poland,"Europe, Poland",,,,,,,,,,,,,
348,Querido Investi,queridoinvesti.pt,,,,,thecrowdspace.com/platform/querido-investi,Portugal,"Europe, Portugal",,,,,,,,,apps.apple.com/pt/app/querido-investi-numa-casa/id1607478976,,,,
349,Brick up,brickup.it,,,,,thecrowdspace.com/platform/brick-up,Italy,"Europe, Italy",linkedin.com/company/brick-up-investimenti,instagram.com/brickup.it,,,facebook.com/BrickUp.it,,,,,,,,
350,WE ARE OLIVIA,weareolivia.com,,,,,thecrowdspace.com/platform/we-are-olivia,France,"Europe, France",linkedin.com/company/we-are-olivia/about,instagram.com/we_are_olivia_,youtube.com/@WeAreOliviaa,,,,,,,,,,
351,Be My Bond,bemybond.com,,,,,thecrowdspace.com/platform/be-my-bond,Lithuania,"Europe, Lithuania",linkedin.com/company/bemybond,,,,facebook.com/bemybond,,,,,,,,
352,BUILD LENDERS,buildlenders.it,,,,,thecrowdspace.com/platform/build-lenders,Italy,"Europe, Italy",linkedin.com/company/build-lenders,,youtube.com/@buildlenders1797,,facebook.com/BuildLenders,,,,,,,,
353,Briqwise,briqwise.com,,,,,thecrowdspace.com/platform/briqwise,Netherlands,"Europe, Netherlands",linkedin.com/company/briqwise,,youtube.com/watch,,,,,,,,,,
354,Realt,realt.co,,,Sí,Sí,,USA,USA,,,,,,,,,,,,,
355,Lofty,lofty.ai,,,Sí,Sí,,USA,,linkedin.com/company/loftyai,,,twitter.com/lofty_ai,facebook.com/LoftyInvesting,,,,,,,,
356,HoneyBricks,honeybricks.com,,,Sí,Sí,,USA,,linkedin.com/company/honeybricks,,youtube.com/@honeybricks,twitter.com/Honey_Bricks,,,,,,,,,
357,Roofstock onChain,onchain.roofstock.com,,,Incierto,Sí,,USA,,,,,twitter.com/rsonchain,,,discord.gg/RoofstockOnChain,,,,,,
358,Vesta Equity,vestaequity.net,,,Incierto,Sí,,USA,,linkedin.com/company/vestaequityvpm,instagram.com/vestaequityvpm,youtube.com/@VestaEquity,x.com/vestaequityvpm,facebook.com/vestaequityvpm,,,,,,,,
359,Homebase,homebasedao.io,,,Sí,Sí,,USA,,linkedin.com/company/homebasedao,,,twitter.com/HomebaseDAO,,,discord.gg/qEpCfTyqSY,,,,homebasedao.medium.com,,
360,United States Property Inc.,usp.io,,,Incierto,Sí,,USA,,linkedin.com/company/USPCoin,,,twitter.com/uspcoin,facebook.com/USPCoin,t.me/USPCofficial,,,,,,,
361,Arrived,arrived.com,,,Sí,No,,USA,,,instagram.com/arrivedhomes,,twitter.com/arrivedhomes,facebook.com/arrivedhomes,,,,,,,,
362,Ark7,ark7.com,,,Sí,No,,USA,,linkedin.com/company/ark7official,,,twitter.com/Ark7Official,facebook.com/Ark7Official,,,,,,,,
363,Landa,landa.app,,,No,No,,USA,,linkedin.com/company/landa,instagram.com/landa.app,,twitter.com/landa_app,facebook.com/groups/372859600847805,,discord.com/invite/ShvYXNVcnB,,,,,,
364,Homeshares,homeshares.co,,,Sí,No,,USA,,,,,,,,,,,,,,
365,Investwithroots,investwithroots.com,,,Sí,No,,USA,,,,,,,,,,,,,,
366,Concreit,concreit.com,,,No,No,,USA,,,instagram.com/concreitapp,,twitter.com/concreitapp,facebook.com/concreit,,,,concreit.app.link/get-app,tiktok.com/@concreitapp,,,
367,Streitwise,streitwise.com,,,No relevante,No,,USA,,linkedin.com/company/17880841,instagram.com/be_streitwise/?hl=en,youtube.com/channel/UCPOW63g9D-m80X-8rqRs1MQ,twitter.com/streitwise,facebook.com/streitwise,,,,apps.apple.com/us/app/streitwise/id1548827141,,,,
368,DiversyFund,diversyfund.com,,,No,No,,USA,,linkedin.com/company/diversyfund?_l=en_US,instagram.com/diversyfund,youtube.com/c/DiversyFund,x.com/i/flow/login?redirect_after_login=%2FDiversyFund,facebook.com/DiversyFund,,,play.google.com/store/apps/details?id=com.diversyfundapp.diversyfund&hl=en&gl=US,apps.apple.com/us/app/diversyfund/id1507795289,,,,
369,Doorvest,doorvest.com,,,No relevante,No,,USA,,,instagram.com/doorvest,,twitter.com/doorvestco,facebook.com/doorvestco,,,,,,,,
370,somosrentable,somosrentable.com,,,Sí,No,,Chile,Chile,linkedin.com/company/somos-rentable/,instagram.com/somosrentable,youtube.com/@Somos_Rentable,,,,,,,,,open.spotify.com/show/4h35cYGIs3q1qcz9fAG1r4,
371,Kenedix,kenedix.com,,,Sí,,,Japan,Japan,,instagram.com/kdx_st,youtube.com/@kdx_st,,facebook.com/kdx.st,,,play.google.com/store/apps/details?id=app.kdx_sto.kdx_st&hl=en_US,,,,,
372,Alterna,alterna-z.com,,,Sí,,,Japan,Japan,,instagram.com/alterna_mdm,youtube.com/@ALTERNA_mdm,x.com/ALTERNA_mdm,facebook.com/alterna.mdm,,,,,,,,page.line.me/041krdyg
373,BitRealty,bit-realty.com,,,,,,Japan,Japan,,,,,,,,,,,,,
374,Hashdash,hashdash.co.jp,,,,,,Japan,,,instagram.com/hashdash.sec,youtube.com/channel/UCoHqTWERFr7yS2vNz_8cjxQ,x.com/hashdash_sec,facebook.com/hashdash.sec,,,,,tiktok.com/@hashdash2024,,,
375,Osaka Digital Exchange,odx.co.jp,,,,,,Japan,Japan,,,youtube.com/@ODXPTS_official,x.com/odxpts_official,,,,,,,,,
376,Ichigo Owners,ichigo.gr.jp,,,,,,Japan,Japan,linkedin.com/company/ichigo-inc,instagram.com/ichigo_community,youtube.com/channel/UC77NTGlVMj-IETP6U7z_uUw,,facebook.com/ichigo.community,,,,,,,,
377,Fraxtor,fraxtor.com,,,,,,Singapore,Singapore,,,youtube.com/@fraxtorsingapore,,,,,,,,,,
378,Real Vantage,realvantage.co,,,,,,Singapore,Singapore,linkedin.com/company/realvantage,instagram.com/realvantage.co,youtube.com/@realvantage,x.com/RealVantageCo,facebook.com/realvantage,,,play.google.com/store/apps/details?id=co.realvantage.realvantage,apps.apple.com/us/app/realvantage-mobile/id6747113362,,,,
379,Shareable,shareableasset.com,,,No,,,Singapore,,,,,,,,,,,,,,
380,Addx,addx.co,,,,,,Singapore,,linkedin.com/company/addxco,instagram.com/addx.co,,x.com/ADDXco,facebook.com/ADDX.co,,,play.google.com/store/apps/details?id=com.addx.investments,apps.apple.com/us/app/addx-entry-to-private-markets/id1565314912,,,,
381,Alta,alta.exchange,,,,,,Singapore,,linkedin.com/company/altaexchange,,,x.com/AltaGroupCo,facebook.com/altagroup.co,,,,,,,,
382,CitaDAO,citadao.io,,,Incierto,Sí,,Singapore,,linkedin.com/company/citadao,,youtube.com/@citadao7841,x.com/citadao_io,,t.me/citadao,discord.com/invite/esvBw9fhsv,,,,citadao.medium.com,,
383,Kasa,kasa.co.kr,,,,,,Korea,,,,,,,,,,,,,,
384,Souyu,sou.place,,,,,,Korea,,,instagram.com/sou.place,youtube.com/@souofficial4211,,,,,play.google.com/store/apps/details?id=com.lucentblock.sou,,,,,
385,Funble,funble.kr,,,,,,Korea,,,,,,,,,play.google.com/store/apps/details?id=com.fundbloc.funble,,,,,
386,Elysia,elysia.land,,,Sí,,,,"Korea, Singapore",,,,x.com/Elysia_HQ,,t.me/elysia_official,,,,,medium.com/@ELYSIA_HQ,,
387,RealX,realxtoken.finance,,,,Sí,,Thailand,,,,,,,,,,,,,,
388,XSpring,springdigital.com,,,,,,Thailand,,linkedin.com/company/xspring,instagram.com/xspringdigital,youtube.com/@XSpringDigital,x.com/XSpringOfficial,facebook.com/XSpringDigital,,,,,tiktok.com/@xspringdigital,,,page.line.me/287skpwa
389,Kubix,kubix.co,,,,,,Thailand,,,,,,,,,,,,,,
390,HomeCubes,homecubes.io,,,,,,UAE,,linkedin.com/company/homecubes,instagram.com/homecubes.io,youtube.com/@homecubes6047,x.com/HomeCubes,facebook.com/profile.php?id=100090571700233,t.me/homecubes,,,,,,,
391,Trlco,trlco.world,,,,,,Malaysia,,linkedin.com/company/trlco,instagram.com/trlco_world,youtube.com/@TheRealLifestyleCompany,x.com/Trl_co,,t.me/trlworld,,,,,medium.com/@TRLCo,,
392,Fraccional,fraccional.cl,,,,,,,,,instagram.com/fraccional.cl,youtube.com/@fraccional,,facebook.com/tr?id=864551289148040&ev=PageView&noscript=1,,,,,tiktok.com/@fraccional.cl,,,
393,Finka,finka.cl,,,,,,,,linkedin.com/company/finkacl,instagram.com/finka.cl,,,,,,,,,,,
394,BELAT Grupo Financiero,belat.com,,,,,,,,linkedin.com/company/banca-etica-lat,instagram.com/bancaeticalat,youtube.com/channel/UCQv-ZCfvc83jQsVN0xCFz2w,twitter.com/BancaEticaLAT,facebook.com/BancaEticalat,,,,,,,,
395,Fundrise,fundrise.com,,,,,,,,,,,,,,,,,,,,